<?xml version="1.0" encoding="UTF-8"?>
<project-private xmlns="http://www.netbeans.org/ns/project-private/1">
    <editor-bookmarks xmlns="http://www.netbeans.org/ns/editor-bookmarks/2" lastBookmarkId="0"/>
    <open-files xmlns="http://www.netbeans.org/ns/projectui-open-files/2">
        <group>
            <file>file:/Users/yayi/Downloads/PGY2121/PDA/experiencia%202/2.4.1%20microEmpresa/src/cl/duoc/pgy2121/microempresa/MicroEmpresa.java</file>
            <file>file:/Users/yayi/Downloads/PGY2121/PDA/experiencia%202/2.4.1%20microEmpresa/src/cl/duoc/pgy2121/microempresa/business/Solicitud.java</file>
        </group>
    </open-files>
</project-private>
